"Step","small-transformers-n12k-m10-k3-train3000-lr5e-5-mstep20 - val_mid/posterior_acc_aligned","small-transformers-n12k-m10-k3-train3000-lr5e-5-mstep20 - val_mid/posterior_acc_aligned__MIN","small-transformers-n12k-m10-k3-train3000-lr5e-5-mstep20 - val_mid/posterior_acc_aligned__MAX","small-transformers-n12k-m5-k3-train3000-lr5e-5-mstep20 - val_mid/posterior_acc_aligned","small-transformers-n12k-m5-k3-train3000-lr5e-5-mstep20 - val_mid/posterior_acc_aligned__MIN","small-transformers-n12k-m5-k3-train3000-lr5e-5-mstep20 - val_mid/posterior_acc_aligned__MAX","small-transformers-n12k-m4-k3-train3000-lr5e-5-mstep20 - val_mid/posterior_acc_aligned","small-transformers-n12k-m4-k3-train3000-lr5e-5-mstep20 - val_mid/posterior_acc_aligned__MIN","small-transformers-n12k-m4-k3-train3000-lr5e-5-mstep20 - val_mid/posterior_acc_aligned__MAX","small-transformers-n12k-m3-k3-train3000-lr5e-5-mstep20 - val_mid/posterior_acc_aligned","small-transformers-n12k-m3-k3-train3000-lr5e-5-mstep20 - val_mid/posterior_acc_aligned__MIN","small-transformers-n12k-m3-k3-train3000-lr5e-5-mstep20 - val_mid/posterior_acc_aligned__MAX","small-transformers-n12k-m2-k3-train3000-lr5e-5-mstep20 - val_mid/posterior_acc_aligned","small-transformers-n12k-m2-k3-train3000-lr5e-5-mstep20 - val_mid/posterior_acc_aligned__MIN","small-transformers-n12k-m2-k3-train3000-lr5e-5-mstep20 - val_mid/posterior_acc_aligned__MAX"
"10","0.5316666666666666","0.5316666666666666","0.5316666666666666","0.42433333333333334","0.42433333333333334","0.42433333333333334","0.461","0.461","0.461","0.36633333333333334","0.36633333333333334","0.36633333333333334","0.371","0.371","0.371"
"20","0.712","0.712","0.712","0.389","0.389","0.389","0.356","0.356","0.356","0.37733333333333335","0.37733333333333335","0.37733333333333335","0.365","0.365","0.365"
"30","0.99","0.99","0.99","0.372","0.372","0.372","0.38766666666666666","0.38766666666666666","0.38766666666666666","0.39166666666666666","0.39166666666666666","0.39166666666666666","0.3436666666666667","0.3436666666666667","0.3436666666666667"
"40","0.9993333333333333","0.9993333333333333","0.9993333333333333","0.37633333333333335","0.37633333333333335","0.37633333333333335","0.43833333333333335","0.43833333333333335","0.43833333333333335","0.37833333333333335","0.37833333333333335","0.37833333333333335","0.315","0.315","0.315"
"50","0.9996666666666667","0.9996666666666667","0.9996666666666667","0.411","0.411","0.411","0.601","0.601","0.601","0.36633333333333334","0.36633333333333334","0.36633333333333334","0.3526666666666667","0.3526666666666667","0.3526666666666667"
"60","1","1","1","0.4176666666666667","0.4176666666666667","0.4176666666666667","0.5893333333333334","0.5893333333333334","0.5893333333333334","0.32966666666666666","0.32966666666666666","0.32966666666666666","0.3253333333333333","0.3253333333333333","0.3253333333333333"
"70","1","1","1","0.5236666666666666","0.5236666666666666","0.5236666666666666","0.6466666666666666","0.6466666666666666","0.6466666666666666","0.367","0.367","0.367","0.33866666666666667","0.33866666666666667","0.33866666666666667"
"80","0.9996666666666667","0.9996666666666667","0.9996666666666667","0.42533333333333334","0.42533333333333334","0.42533333333333334","0.72","0.72","0.72","0.346","0.346","0.346","0.327","0.327","0.327"
"90","0.9993333333333333","0.9993333333333333","0.9993333333333333","0.731","0.731","0.731","0.693","0.693","0.693","0.334","0.334","0.334","0.363","0.363","0.363"
"104","1","1","1","0.959","0.959","0.959","0.904","0.904","0.904","0.329","0.329","0.329","0.35033333333333333","0.35033333333333333","0.35033333333333333"
"114","0.9996666666666667","0.9996666666666667","0.9996666666666667","0.963","0.963","0.963","0.9033333333333333","0.9033333333333333","0.9033333333333333","0.3466666666666667","0.3466666666666667","0.3466666666666667","0.30266666666666664","0.30266666666666664","0.30266666666666664"
"124","0.9993333333333333","0.9993333333333333","0.9993333333333333","0.9606666666666667","0.9606666666666667","0.9606666666666667","0.9103333333333333","0.9103333333333333","0.9103333333333333","0.3263333333333333","0.3263333333333333","0.3263333333333333","0.3423333333333333","0.3423333333333333","0.3423333333333333"
"134","1","1","1","0.9693333333333334","0.9693333333333334","0.9693333333333334","0.9033333333333333","0.9033333333333333","0.9033333333333333","0.3456666666666667","0.3456666666666667","0.3456666666666667","0.3596666666666667","0.3596666666666667","0.3596666666666667"
"144","0.9996666666666667","0.9996666666666667","0.9996666666666667","0.965","0.965","0.965","0.9156666666666666","0.9156666666666666","0.9156666666666666","0.3293333333333333","0.3293333333333333","0.3293333333333333","0.35733333333333334","0.35733333333333334","0.35733333333333334"
"154","1","1","1","0.9663333333333334","0.9663333333333334","0.9663333333333334","0.9126666666666666","0.9126666666666666","0.9126666666666666","0.39266666666666666","0.39266666666666666","0.39266666666666666","0.35","0.35","0.35"
"164","1","1","1","0.971","0.971","0.971","0.9156666666666666","0.9156666666666666","0.9156666666666666","0.3283333333333333","0.3283333333333333","0.3283333333333333","0.354","0.354","0.354"
"174","1","1","1","0.968","0.968","0.968","0.9153333333333333","0.9153333333333333","0.9153333333333333","0.353","0.353","0.353","0.3506666666666667","0.3506666666666667","0.3506666666666667"
"184","0.9996666666666667","0.9996666666666667","0.9996666666666667","0.9716666666666667","0.9716666666666667","0.9716666666666667","0.9146666666666666","0.9146666666666666","0.9146666666666666","0.3456666666666667","0.3456666666666667","0.3456666666666667","0.33266666666666667","0.33266666666666667","0.33266666666666667"
"198","0.9996666666666667","0.9996666666666667","0.9996666666666667","0.9666666666666667","0.9666666666666667","0.9666666666666667","0.9146666666666666","0.9146666666666666","0.9146666666666666","0.3273333333333333","0.3273333333333333","0.3273333333333333","0.37466666666666665","0.37466666666666665","0.37466666666666665"
"208","1","1","1","0.97","0.97","0.97","0.9193333333333333","0.9193333333333333","0.9193333333333333","0.3506666666666667","0.3506666666666667","0.3506666666666667","0.337","0.337","0.337"
"218","0.9996666666666667","0.9996666666666667","0.9996666666666667","0.973","0.973","0.973","0.9113333333333333","0.9113333333333333","0.9113333333333333","0.363","0.363","0.363","0.3463333333333333","0.3463333333333333","0.3463333333333333"
"228","0.9996666666666667","0.9996666666666667","0.9996666666666667","0.9706666666666667","0.9706666666666667","0.9706666666666667","0.9126666666666666","0.9126666666666666","0.9126666666666666","0.36233333333333334","0.36233333333333334","0.36233333333333334","0.341","0.341","0.341"
"238","1","1","1","0.9716666666666667","0.9716666666666667","0.9716666666666667","0.9113333333333333","0.9113333333333333","0.9113333333333333","0.37133333333333335","0.37133333333333335","0.37133333333333335","0.344","0.344","0.344"
"248","0.9993333333333333","0.9993333333333333","0.9993333333333333","0.9713333333333334","0.9713333333333334","0.9713333333333334","0.9066666666666666","0.9066666666666666","0.9066666666666666","0.36533333333333334","0.36533333333333334","0.36533333333333334","0.346","0.346","0.346"
"258","0.9993333333333333","0.9993333333333333","0.9993333333333333","0.9693333333333334","0.9693333333333334","0.9693333333333334","0.916","0.916","0.916","0.377","0.377","0.377","0.34933333333333333","0.34933333333333333","0.34933333333333333"
"268","0.9996666666666667","0.9996666666666667","0.9996666666666667","0.971","0.971","0.971","0.914","0.914","0.914","0.37866666666666665","0.37866666666666665","0.37866666666666665","0.3566666666666667","0.3566666666666667","0.3566666666666667"
"278","0.999","0.999","0.999","0.971","0.971","0.971","0.9186666666666666","0.9186666666666666","0.9186666666666666","0.379","0.379","0.379","0.37533333333333335","0.37533333333333335","0.37533333333333335"
"292","1","1","1","0.9686666666666667","0.9686666666666667","0.9686666666666667","0.9213333333333333","0.9213333333333333","0.9213333333333333","0.391","0.391","0.391","0.32866666666666666","0.32866666666666666","0.32866666666666666"
"302","0.9996666666666667","0.9996666666666667","0.9996666666666667","0.9706666666666667","0.9706666666666667","0.9706666666666667","0.916","0.916","0.916","0.41733333333333333","0.41733333333333333","0.41733333333333333","0.3433333333333333","0.3433333333333333","0.3433333333333333"
"312","0.9996666666666667","0.9996666666666667","0.9996666666666667","0.9723333333333334","0.9723333333333334","0.9723333333333334","0.9066666666666666","0.9066666666666666","0.9066666666666666","0.456","0.456","0.456","0.3536666666666667","0.3536666666666667","0.3536666666666667"
"322","1","1","1","0.9713333333333334","0.9713333333333334","0.9713333333333334","0.917","0.917","0.917","0.44433333333333336","0.44433333333333336","0.44433333333333336","0.3516666666666667","0.3516666666666667","0.3516666666666667"
"332","1","1","1","0.9723333333333334","0.9723333333333334","0.9723333333333334","0.918","0.918","0.918","0.44633333333333336","0.44633333333333336","0.44633333333333336","0.36633333333333334","0.36633333333333334","0.36633333333333334"
"342","0.9996666666666667","0.9996666666666667","0.9996666666666667","0.9716666666666667","0.9716666666666667","0.9716666666666667","0.9086666666666666","0.9086666666666666","0.9086666666666666","0.4623333333333333","0.4623333333333333","0.4623333333333333","0.366","0.366","0.366"
"352","0.9996666666666667","0.9996666666666667","0.9996666666666667","0.9706666666666667","0.9706666666666667","0.9706666666666667","0.9096666666666666","0.9096666666666666","0.9096666666666666","0.461","0.461","0.461","0.3436666666666667","0.3436666666666667","0.3436666666666667"
"362","1","1","1","0.972","0.972","0.972","0.911","0.911","0.911","0.487","0.487","0.487","0.3423333333333333","0.3423333333333333","0.3423333333333333"
"372","0.9996666666666667","0.9996666666666667","0.9996666666666667","0.9696666666666667","0.9696666666666667","0.9696666666666667","0.9136666666666666","0.9136666666666666","0.9136666666666666","0.5376666666666666","0.5376666666666666","0.5376666666666666","0.37066666666666664","0.37066666666666664","0.37066666666666664"
"386","0.9996666666666667","0.9996666666666667","0.9996666666666667","0.9713333333333334","0.9713333333333334","0.9713333333333334","0.915","0.915","0.915","0.5416666666666666","0.5416666666666666","0.5416666666666666","0.36","0.36","0.36"
"396","1","1","1","0.9733333333333334","0.9733333333333334","0.9733333333333334","0.9116666666666666","0.9116666666666666","0.9116666666666666","0.5263333333333333","0.5263333333333333","0.5263333333333333","0.38766666666666666","0.38766666666666666","0.38766666666666666"
"406","0.9996666666666667","0.9996666666666667","0.9996666666666667","0.9716666666666667","0.9716666666666667","0.9716666666666667","0.9156666666666666","0.9156666666666666","0.9156666666666666","0.479","0.479","0.479","0.367","0.367","0.367"
"416","0.9996666666666667","0.9996666666666667","0.9996666666666667","0.9713333333333334","0.9713333333333334","0.9713333333333334","0.9113333333333333","0.9113333333333333","0.9113333333333333","0.48966666666666664","0.48966666666666664","0.48966666666666664","0.3433333333333333","0.3433333333333333","0.3433333333333333"
"426","0.9996666666666667","0.9996666666666667","0.9996666666666667","0.9696666666666667","0.9696666666666667","0.9696666666666667","0.92","0.92","0.92","0.5266666666666666","0.5266666666666666","0.5266666666666666","0.3473333333333333","0.3473333333333333","0.3473333333333333"
"436","0.9996666666666667","0.9996666666666667","0.9996666666666667","0.9733333333333334","0.9733333333333334","0.9733333333333334","0.911","0.911","0.911","0.5346666666666666","0.5346666666666666","0.5346666666666666","0.332","0.332","0.332"
"446","0.9996666666666667","0.9996666666666667","0.9996666666666667","0.973","0.973","0.973","0.914","0.914","0.914","0.5153333333333333","0.5153333333333333","0.5153333333333333","0.33866666666666667","0.33866666666666667","0.33866666666666667"
"456","0.9993333333333333","0.9993333333333333","0.9993333333333333","0.974","0.974","0.974","0.9183333333333333","0.9183333333333333","0.9183333333333333","0.5266666666666666","0.5266666666666666","0.5266666666666666","0.3413333333333333","0.3413333333333333","0.3413333333333333"
"466","0.9996666666666667","0.9996666666666667","0.9996666666666667","0.9766666666666667","0.9766666666666667","0.9766666666666667","0.9266666666666666","0.9266666666666666","0.9266666666666666","0.5373333333333333","0.5373333333333333","0.5373333333333333","0.3486666666666667","0.3486666666666667","0.3486666666666667"
"480","0.9996666666666667","0.9996666666666667","0.9996666666666667","0.9713333333333334","0.9713333333333334","0.9713333333333334","0.911","0.911","0.911","0.5553333333333333","0.5553333333333333","0.5553333333333333","0.32866666666666666","0.32866666666666666","0.32866666666666666"
"490","0.9996666666666667","0.9996666666666667","0.9996666666666667","0.9716666666666667","0.9716666666666667","0.9716666666666667","0.9173333333333333","0.9173333333333333","0.9173333333333333","0.5663333333333334","0.5663333333333334","0.5663333333333334","0.3526666666666667","0.3526666666666667","0.3526666666666667"
"500","0.9996666666666667","0.9996666666666667","0.9996666666666667","0.9686666666666667","0.9686666666666667","0.9686666666666667","0.9186666666666666","0.9186666666666666","0.9186666666666666","0.551","0.551","0.551","0.357","0.357","0.357"
"510","0.9996666666666667","0.9996666666666667","0.9996666666666667","0.974","0.974","0.974","0.9223333333333333","0.9223333333333333","0.9223333333333333","0.54","0.54","0.54","0.342","0.342","0.342"
"520","0.9996666666666667","0.9996666666666667","0.9996666666666667","0.972","0.972","0.972","0.923","0.923","0.923","0.545","0.545","0.545","0.33266666666666667","0.33266666666666667","0.33266666666666667"
"530","0.9996666666666667","0.9996666666666667","0.9996666666666667","0.9713333333333334","0.9713333333333334","0.9713333333333334","0.9173333333333333","0.9173333333333333","0.9173333333333333","0.582","0.582","0.582","0.3556666666666667","0.3556666666666667","0.3556666666666667"
"540","0.9996666666666667","0.9996666666666667","0.9996666666666667","0.9726666666666667","0.9726666666666667","0.9726666666666667","0.9123333333333333","0.9123333333333333","0.9123333333333333","0.577","0.577","0.577","0.3403333333333333","0.3403333333333333","0.3403333333333333"
"550","1","1","1","0.972","0.972","0.972","0.9183333333333333","0.9183333333333333","0.9183333333333333","0.546","0.546","0.546","0.3476666666666667","0.3476666666666667","0.3476666666666667"
"560","1","1","1","0.972","0.972","0.972","0.9206666666666666","0.9206666666666666","0.9206666666666666","0.588","0.588","0.588","0.3413333333333333","0.3413333333333333","0.3413333333333333"
"574","1","1","1","0.9756666666666667","0.9756666666666667","0.9756666666666667","0.9136666666666666","0.9136666666666666","0.9136666666666666","0.559","0.559","0.559","0.33366666666666667","0.33366666666666667","0.33366666666666667"
"584","0.9996666666666667","0.9996666666666667","0.9996666666666667","0.9706666666666667","0.9706666666666667","0.9706666666666667","0.914","0.914","0.914","0.578","0.578","0.578","0.3373333333333333","0.3373333333333333","0.3373333333333333"
"594","1","1","1","0.9716666666666667","0.9716666666666667","0.9716666666666667","0.922","0.922","0.922","0.6266666666666667","0.6266666666666667","0.6266666666666667","0.338","0.338","0.338"
"604","0.9993333333333333","0.9993333333333333","0.9993333333333333","0.97","0.97","0.97","0.9193333333333333","0.9193333333333333","0.9193333333333333","0.6346666666666667","0.6346666666666667","0.6346666666666667","0.33766666666666667","0.33766666666666667","0.33766666666666667"
"614","1","1","1","0.9686666666666667","0.9686666666666667","0.9686666666666667","0.9163333333333333","0.9163333333333333","0.9163333333333333","0.6176666666666667","0.6176666666666667","0.6176666666666667","0.347","0.347","0.347"
"624","0.9996666666666667","0.9996666666666667","0.9996666666666667","0.973","0.973","0.973","0.918","0.918","0.918","0.681","0.681","0.681","0.3506666666666667","0.3506666666666667","0.3506666666666667"
"634","0.9996666666666667","0.9996666666666667","0.9996666666666667","0.9713333333333334","0.9713333333333334","0.9713333333333334","0.9146666666666666","0.9146666666666666","0.9146666666666666","0.7063333333333334","0.7063333333333334","0.7063333333333334","0.3456666666666667","0.3456666666666667","0.3456666666666667"
"644","0.9996666666666667","0.9996666666666667","0.9996666666666667","0.9716666666666667","0.9716666666666667","0.9716666666666667","0.918","0.918","0.918","0.7426666666666667","0.7426666666666667","0.7426666666666667","0.36","0.36","0.36"
"654","0.9996666666666667","0.9996666666666667","0.9996666666666667","0.9716666666666667","0.9716666666666667","0.9716666666666667","0.9176666666666666","0.9176666666666666","0.9176666666666666","0.7563333333333333","0.7563333333333333","0.7563333333333333","0.337","0.337","0.337"
"668","1","1","1","0.9696666666666667","0.9696666666666667","0.9696666666666667","0.92","0.92","0.92","0.7496666666666667","0.7496666666666667","0.7496666666666667","0.351","0.351","0.351"
"678","0.9996666666666667","0.9996666666666667","0.9996666666666667","0.9746666666666667","0.9746666666666667","0.9746666666666667","0.9176666666666666","0.9176666666666666","0.9176666666666666","0.7623333333333333","0.7623333333333333","0.7623333333333333","0.3453333333333333","0.3453333333333333","0.3453333333333333"
"688","1","1","1","0.97","0.97","0.97","0.9203333333333333","0.9203333333333333","0.9203333333333333","0.759","0.759","0.759","0.343","0.343","0.343"
"698","0.9993333333333333","0.9993333333333333","0.9993333333333333","0.9696666666666667","0.9696666666666667","0.9696666666666667","0.921","0.921","0.921","0.7856666666666666","0.7856666666666666","0.7856666666666666","0.35333333333333333","0.35333333333333333","0.35333333333333333"
"708","0.9996666666666667","0.9996666666666667","0.9996666666666667","0.9723333333333334","0.9723333333333334","0.9723333333333334","0.9163333333333333","0.9163333333333333","0.9163333333333333","0.77","0.77","0.77","0.3423333333333333","0.3423333333333333","0.3423333333333333"
"718","0.9996666666666667","0.9996666666666667","0.9996666666666667","0.969","0.969","0.969","0.9146666666666666","0.9146666666666666","0.9146666666666666","0.7453333333333333","0.7453333333333333","0.7453333333333333","0.3443333333333333","0.3443333333333333","0.3443333333333333"
"728","0.9996666666666667","0.9996666666666667","0.9996666666666667","0.9666666666666667","0.9666666666666667","0.9666666666666667","0.927","0.927","0.927","0.7776666666666666","0.7776666666666666","0.7776666666666666","0.3433333333333333","0.3433333333333333","0.3433333333333333"
"738","0.9996666666666667","0.9996666666666667","0.9996666666666667","0.9716666666666667","0.9716666666666667","0.9716666666666667","0.9196666666666666","0.9196666666666666","0.9196666666666666","0.779","0.779","0.779","0.3353333333333333","0.3353333333333333","0.3353333333333333"
"748","1","1","1","0.971","0.971","0.971","0.9133333333333333","0.9133333333333333","0.9133333333333333","0.7776666666666666","0.7776666666666666","0.7776666666666666","0.353","0.353","0.353"
"762","1","1","1","0.9716666666666667","0.9716666666666667","0.9716666666666667","0.9176666666666666","0.9176666666666666","0.9176666666666666","0.767","0.767","0.767","0.35333333333333333","0.35333333333333333","0.35333333333333333"
"772","0.9996666666666667","0.9996666666666667","0.9996666666666667","0.9696666666666667","0.9696666666666667","0.9696666666666667","0.9206666666666666","0.9206666666666666","0.9206666666666666","0.776","0.776","0.776","0.34833333333333333","0.34833333333333333","0.34833333333333333"
"782","0.9996666666666667","0.9996666666666667","0.9996666666666667","0.9736666666666667","0.9736666666666667","0.9736666666666667","0.9263333333333333","0.9263333333333333","0.9263333333333333","0.7786666666666666","0.7786666666666666","0.7786666666666666","0.35533333333333333","0.35533333333333333","0.35533333333333333"
"792","1","1","1","0.9723333333333334","0.9723333333333334","0.9723333333333334","0.9226666666666666","0.9226666666666666","0.9226666666666666","0.7706666666666667","0.7706666666666667","0.7706666666666667","0.3586666666666667","0.3586666666666667","0.3586666666666667"
"802","0.9996666666666667","0.9996666666666667","0.9996666666666667","0.9716666666666667","0.9716666666666667","0.9716666666666667","0.923","0.923","0.923","0.7673333333333333","0.7673333333333333","0.7673333333333333","0.3526666666666667","0.3526666666666667","0.3526666666666667"
"812","0.9993333333333333","0.9993333333333333","0.9993333333333333","0.9723333333333334","0.9723333333333334","0.9723333333333334","0.9243333333333333","0.9243333333333333","0.9243333333333333","0.7896666666666666","0.7896666666666666","0.7896666666666666","0.3516666666666667","0.3516666666666667","0.3516666666666667"
"822","0.9993333333333333","0.9993333333333333","0.9993333333333333","0.9716666666666667","0.9716666666666667","0.9716666666666667","0.9206666666666666","0.9206666666666666","0.9206666666666666","0.7776666666666666","0.7776666666666666","0.7776666666666666","0.35233333333333333","0.35233333333333333","0.35233333333333333"
"832","1","1","1","0.9726666666666667","0.9726666666666667","0.9726666666666667","0.9203333333333333","0.9203333333333333","0.9203333333333333","0.7896666666666666","0.7896666666666666","0.7896666666666666","0.35233333333333333","0.35233333333333333","0.35233333333333333"
"842","0.9996666666666667","0.9996666666666667","0.9996666666666667","0.971","0.971","0.971","0.9223333333333333","0.9223333333333333","0.9223333333333333","0.798","0.798","0.798","0.35733333333333334","0.35733333333333334","0.35733333333333334"
"856","1","1","1","0.9686666666666667","0.9686666666666667","0.9686666666666667","0.9196666666666666","0.9196666666666666","0.9196666666666666","0.781","0.781","0.781","0.361","0.361","0.361"
"866","0.9996666666666667","0.9996666666666667","0.9996666666666667","0.9673333333333334","0.9673333333333334","0.9673333333333334","0.9166666666666666","0.9166666666666666","0.9166666666666666","0.787","0.787","0.787","0.3566666666666667","0.3566666666666667","0.3566666666666667"
"876","0.9996666666666667","0.9996666666666667","0.9996666666666667","0.9703333333333334","0.9703333333333334","0.9703333333333334","0.9193333333333333","0.9193333333333333","0.9193333333333333","0.7813333333333333","0.7813333333333333","0.7813333333333333","0.3453333333333333","0.3453333333333333","0.3453333333333333"
"886","0.9996666666666667","0.9996666666666667","0.9996666666666667","0.9726666666666667","0.9726666666666667","0.9726666666666667","0.9186666666666666","0.9186666666666666","0.9186666666666666","0.7893333333333333","0.7893333333333333","0.7893333333333333","0.351","0.351","0.351"
"896","0.9993333333333333","0.9993333333333333","0.9993333333333333","0.973","0.973","0.973","0.9203333333333333","0.9203333333333333","0.9203333333333333","0.7856666666666666","0.7856666666666666","0.7856666666666666","0.3526666666666667","0.3526666666666667","0.3526666666666667"
"906","0.9996666666666667","0.9996666666666667","0.9996666666666667","0.97","0.97","0.97","0.9226666666666666","0.9226666666666666","0.9226666666666666","0.7883333333333333","0.7883333333333333","0.7883333333333333","0.3436666666666667","0.3436666666666667","0.3436666666666667"
"916","0.9996666666666667","0.9996666666666667","0.9996666666666667","0.9746666666666667","0.9746666666666667","0.9746666666666667","0.923","0.923","0.923","0.7836666666666666","0.7836666666666666","0.7836666666666666","0.3373333333333333","0.3373333333333333","0.3373333333333333"
"926","1","1","1","0.9736666666666667","0.9736666666666667","0.9736666666666667","0.9233333333333333","0.9233333333333333","0.9233333333333333","0.776","0.776","0.776","0.3476666666666667","0.3476666666666667","0.3476666666666667"
"936","0.9996666666666667","0.9996666666666667","0.9996666666666667","0.9756666666666667","0.9756666666666667","0.9756666666666667","0.9156666666666666","0.9156666666666666","0.9156666666666666","0.793","0.793","0.793","0.3526666666666667","0.3526666666666667","0.3526666666666667"